,precision,recall,f1-score,support
Affiliate License-Licensee,0.18181818181818182,0.2608695652173913,0.21428571428571427,23.0
Affiliate License-Licensor,0.12,0.21428571428571427,0.15384615384615385,14.0
Agreement Date,0.5423728813559322,0.7529411764705882,0.6305418719211823,85.0
Anti-Assignment,0.824,0.7862595419847328,0.8046875,131.0
Audit Rights,0.9047619047619048,0.8837209302325582,0.8941176470588236,129.0
Cap On Liability,0.7017543859649122,0.5925925925925926,0.642570281124498,135.0
Change Of Control,0.6666666666666666,0.6274509803921569,0.6464646464646465,51.0
Competitive Restriction Exception,0.19230769230769232,0.2,0.19607843137254902,25.0
Covenant Not To Sue,0.8,0.6857142857142857,0.7384615384615385,35.0
Document Name,0.9104477611940298,1.0,0.953125,61.0
Effective Date,0.37777777777777777,0.20238095238095238,0.26356589147286824,84.0
Exclusivity,0.44285714285714284,0.3780487804878049,0.40789473684210525,82.0
Expiration Date,0.6310679611650486,0.6989247311827957,0.6632653061224489,93.0
Governing Law,0.9574468085106383,0.9782608695652174,0.967741935483871,92.0
Insurance,0.9369369369369369,0.9285714285714286,0.9327354260089686,112.0
Ip Ownership Assignment,0.7966101694915254,0.746031746031746,0.7704918032786885,63.0
Irrevocable Or Perpetual License,0.1794871794871795,0.21212121212121213,0.19444444444444445,33.0
Joint Ip Ownership,0.43243243243243246,0.6956521739130435,0.5333333333333333,23.0
License Grant,0.46153846153846156,0.23225806451612904,0.3090128755364807,155.0
Liquidated Damages,0.6470588235294118,0.4583333333333333,0.5365853658536586,24.0
Minimum Commitment,0.8732394366197183,0.7294117647058823,0.7948717948717948,85.0
Most Favored Nation,0.3333333333333333,0.5,0.4,8.0
No-Solicit Of Customers,0.5,0.4166666666666667,0.45454545454545453,12.0
No-Solicit Of Employees,0.6521739130434783,0.8333333333333334,0.7317073170731707,18.0
Non-Compete,0.39622641509433965,0.4117647058823529,0.40384615384615385,51.0
Non-Disparagement,0.8571428571428571,0.9230769230769231,0.8888888888888888,13.0
Non-Transferable License,0.1875,0.2033898305084746,0.1951219512195122,59.0
Notice Period To Terminate Renewal,0.2,0.2916666666666667,0.23728813559322035,24.0
Parties,0.914179104477612,0.98,0.9459459459459459,250.0
Post-Termination Services,0.6046511627906976,0.5777777777777777,0.5909090909090909,90.0
Price Restrictions,0.5714285714285714,0.8,0.6666666666666666,5.0
Renewal Term,0.29411764705882354,0.23809523809523808,0.2631578947368421,42.0
Revenue/Profit Sharing,0.7666666666666667,0.8313253012048193,0.7976878612716763,83.0
Rofr/Rofo/Rofn,0.6,0.6575342465753424,0.6274509803921569,73.0
Source Code Escrow,0.5625,0.6923076923076923,0.6206896551724138,13.0
Termination For Convenience,0.6610169491525424,0.7959183673469388,0.7222222222222222,49.0
Third Party Beneficiary,0.5,0.875,0.6363636363636364,8.0
Uncapped Liability,0.16279069767441862,0.21212121212121213,0.18421052631578946,33.0
Unlimited/All-You-Can-Eat-License,0.1111111111111111,0.16666666666666666,0.13333333333333333,6.0
Volume Restriction,0.5555555555555556,0.7352941176470589,0.6329113924050633,34.0
Warranty Duration,0.6511627906976745,0.8,0.717948717948718,35.0
accuracy,0.6546497337156902,0.6546497337156902,0.6546497337156902,0.6546497337156902
macro avg,0.5527351068205678,0.590384599745774,0.5633906712837494,2441.0
weighted avg,0.6577048319087263,0.6546497337156902,0.6496096233808093,2441.0
